vendor,n_rows,known_exploited_n,known_exploited_pct,priority_score_mean,priority_score_max
Siemens,1509,16,1.06,0.019,0.3333
Schneider Electric,412,6,1.46,0.0126,0.3333
Hitachi Energy,323,5,1.55,0.0384,0.3333
Advantech,253,2,0.79,0.0181,0.3333
ABB,186,1,0.54,0.0245,0.3333
Rockwell Automation,180,30,16.67,0.0835,0.3333
Moxa,151,0,0.0,0.0088,0.1277
Delta Electronics,74,0,0.0,0.0119,0.2287
Yokogawa,66,0,0.0,0.0161,0.1385
Emerson,64,0,0.0,0.0028,0.0117
B&R Industrial Automation GmbH,52,0,0.0,0.0164,0.2528
GE,49,0,0.0,0.0204,0.319
Honeywell,31,0,0.0,0.0085,0.0888
Hitachi and ABB,26,1,3.85,0.0449,0.3333
Omron,23,0,0.0,0.0051,0.0279
AVEVA,22,0,0.0,0.0186,0.0991
WAGO,21,0,0.0,0.0141,0.1005
mySCADA Technologies,21,0,0.0,0.0274,0.1494
Sierra Wireless,20,1,5.0,0.0266,0.3333
WellinTech,19,0,0.0,0.0492,0.205
Inductive Automation,18,0,0.0,0.011,0.0674
Eaton,18,0,0.0,0.0111,0.0903
Fuji Electric,17,0,0.0,0.0031,0.0172
Invensys,15,0,0.0,0.0066,0.0152
Measuresoft,13,0,0.0,0.031,0.1903
Ecava,13,0,0.0,0.0043,0.0118
3S-Smart Software Solutions,13,0,0.0,0.0272,0.2189
Cogent Real-Time Systems Inc,10,0,0.0,0.0526,0.2112
Progea,8,0,0.0,0.0225,0.0541
"Pro-face, Schneider Electric",8,0,0.0,0.0057,0.0078
"SuSE, Schneider Electric, Red Hat, Microsoft",7,0,0.0,0.0007,0.0009
General Electric Renewable Energy,6,1,16.67,0.0568,0.3333
"AVEVA, Schneider Electric",6,0,0.0,0.007,0.0122
"Wind River, GE",5,0,0.0,0.0107,0.0212
Chargemap,4,0,0.0,0.0015,0.0021
CloudCharge,4,0,0.0,0.0013,0.0017
RuggedCom,4,0,0.0,0.0446,0.1634
GE Digital,3,0,0.0,0.0022,0.003
OPW Fuel Management Systems,3,0,0.0,0.0052,0.0078
GE Vernova,2,0,0.0,0.0007,0.0008
GEOVAP,2,0,0.0,0.0029,0.003
3S-Smart Software Solutions GmbH,2,0,0.0,0.0073,0.0103
Saia Burgess Controls,2,0,0.0,0.0061,0.0081
Eaton'S Cooper Power Systems,1,0,0.0,0.0075,0.0075
"Advantech, InduSoft",1,0,0.0,0.0113,0.0113
"Catapult Software, GE",1,0,0.0,0.0062,0.0062
M&M Software GmbH (Subsidiary of WAGO Kontakttechnik),1,0,0.0,0.0045,0.0045
I-GEN,1,0,0.0,0.0055,0.0055
"GE, MACTek",1,0,0.0,0.006,0.006
GE/Emerson,1,0,0.0,0.0052,0.0052
