tsa_outcome_id,tsa_outcome_name,tsa_outcome_summary,framework,control_ids,description,source_type,source_citation
TSA-1,Network Segmentation,"Policies and controls so the OT system keeps operating safely if the IT system is compromised, and vice versa; documented IT/OT interdependencies and zone boundaries.",NIST SP 800-82 Rev. 3,"§ Network Architecture (network segmentation and boundary protection guidance, OT overlay of SC-7)","800-82 devotes a section to zone-based network architecture for ICS/OT and tailors SC-7-style boundary protection guidance for control-system networks.",primary,"NIST SP 800-82 Rev. 3, csrc.nist.gov/pubs/sp/800/82/r3/final"
TSA-1,Network Segmentation,"Policies and controls so the OT system keeps operating safely if the IT system is compromised, and vice versa; documented IT/OT interdependencies and zone boundaries.",NIST SP 800-53 Rev. 5,"SC-7, SC-7(21), AC-4","Boundary Protection, Isolation of System Components, and Information Flow Enforcement — the controls TSA's own SD-2 Section A-F mapping cites for segmentation.",derived,"Open Security Architecture, ""TSA Pipeline SD — Control Mappings,"" opensecurityarchitecture.org (CC BY-SA 4.0), accessed 2026-09-14"
TSA-1,Network Segmentation,"Policies and controls so the OT system keeps operating safely if the IT system is compromised, and vice versa; documented IT/OT interdependencies and zone boundaries.",IEC 62443,"62443-3-3 SR 5.1, SR 5.2 (FR5 — Restricted Data Flow)","Zone-and-conduit network segmentation (SR 5.1, ""Network segmentation"") and zone boundary protection (SR 5.2, ""Zone boundary protection"") under the Restricted Data Flow foundational requirement. ID and function only — see IEC/ISA for full requirement text.",author-mapped,"[ID/title confirmed 2026-09-16 vs. TeepTrak IEC 62443-3-3 requirements guide; outcome-to-SR assignment remains the author's own judgment, pending check against a licensed copy] IEC 62443-3-3:2013 — ISA/IEC (paid standard, not reproduced here)"
TSA-1,Network Segmentation,"Policies and controls so the OT system keeps operating safely if the IT system is compromised, and vice versa; documented IT/OT interdependencies and zone boundaries.",CIS Controls v8,"Safeguards 12.2, 12.4, 13.4","Secure network architecture (12.2, ""Establish and Maintain a Secure Network Architecture""), an up-to-date architecture diagram (12.4, ""Establish and Maintain Architecture Diagram(s)""), and filtering traffic between network segments (13.4, ""Perform Traffic Filtering Between Network Segments""). Paraphrased; see CIS for the safeguard text.",author-mapped,"[IDs/titles confirmed 2026-09-16 direct from cisecurity.org/controls/cis-controls-navigator/v8; outcome-to-safeguard assignment remains the author's own judgment] CIS Controls v8, cisecurity.org (CC BY-NC-ND 4.0) — ID + original paraphrase only, no verbatim safeguard text"
TSA-1,Network Segmentation,"Policies and controls so the OT system keeps operating safely if the IT system is compromised, and vice versa; documented IT/OT interdependencies and zone boundaries.",NIST CSF 2.0,"PR.DS, PR.IR, PR.PS (CPG 2.F, 2.P)","Data Security, Technology Infrastructure Resilience, and Platform Security categories; CPG 2.F (limit OT exposure after an IT compromise) and 2.P (documented network topology).",primary,"NIST CSF v2.0 / CPG / TSA requirements crosswalk, docket TSA-2022-0001-0041 attachment_1.pdf, downloads.regulations.gov, accessed 2026-09-14"
TSA-2,Access Control,"Measures to identify, authenticate, and prevent unauthorized access to Critical Cyber Systems, local and remote, including multi-factor authentication.",NIST SP 800-82 Rev. 3,"§ Access Control (OT-tailored account management, remote access, least privilege)","800-82 tailors identity, authentication, and remote-access guidance to ICS/OT operating constraints (e.g., compensating controls where MFA isn't feasible on legacy devices).",primary,"NIST SP 800-82 Rev. 3, csrc.nist.gov/pubs/sp/800/82/r3/final"
TSA-2,Access Control,"Measures to identify, authenticate, and prevent unauthorized access to Critical Cyber Systems, local and remote, including multi-factor authentication.",NIST SP 800-53 Rev. 5,"AC-2, AC-3, AC-4, AC-5, AC-6, AC-7, AC-17, IA-2, IA-5, IA-8","Account Management through Remote Access, plus Identification & Authentication — TSA's own SD-2 Section A/B mapping.",derived,"Open Security Architecture, ""TSA Pipeline SD — Control Mappings,"" opensecurityarchitecture.org (CC BY-SA 4.0), accessed 2026-09-14"
TSA-2,Access Control,"Measures to identify, authenticate, and prevent unauthorized access to Critical Cyber Systems, local and remote, including multi-factor authentication.",IEC 62443,"62443-3-3 SR 1.1–SR 1.13 (FR1 — Identification & Authentication Control), SR 2.1 (FR2 — Use Control)","Identification/authentication of human (SR 1.1), software process/device (SR 1.2), and account/authenticator management (SR 1.3–1.13) users, and authorization enforcement once authenticated (SR 2.1). ID and function only.",author-mapped,"[ID/title confirmed 2026-09-16 vs. TeepTrak IEC 62443-3-3 requirements guide; outcome-to-SR assignment remains the author's own judgment, pending check against a licensed copy] IEC 62443-3-3:2013 — ISA/IEC (paid standard, not reproduced here)"
TSA-2,Access Control,"Measures to identify, authenticate, and prevent unauthorized access to Critical Cyber Systems, local and remote, including multi-factor authentication.",CIS Controls v8,"Safeguards 5.1–5.6 (Account Management), 6.3, 6.5 (Access Control Management, incl. MFA)","Inventory and management of accounts and administrative privileges (5.1–5.6), and requiring MFA for externally-exposed applications (6.3) and administrative access (6.5). Paraphrased.",author-mapped,"[IDs/titles confirmed 2026-09-16 direct from cisecurity.org/controls/cis-controls-navigator/v8; outcome-to-safeguard assignment remains the author's own judgment] CIS Controls v8, cisecurity.org (CC BY-NC-ND 4.0) — ID + original paraphrase only"
TSA-2,Access Control,"Measures to identify, authenticate, and prevent unauthorized access to Critical Cyber Systems, local and remote, including multi-factor authentication.",NIST CSF 2.0,"PR.AA, GV.RR (CPG 2.A, 2.B, 2.C, 2.D, 2.E, 2.H)","Identity Management, Authentication & Access Control, and Roles/Responsibilities; CPGs covering default passwords, password strength, unique credentials, credential revocation, account separation, and phishing-resistant MFA.",primary,"NIST CSF v2.0 / CPG / TSA requirements crosswalk, docket TSA-2022-0001-0041 attachment_1.pdf, downloads.regulations.gov, accessed 2026-09-14"
TSA-3,Continuous Monitoring,"Policies and procedures to detect cybersecurity threats and correct anomalies affecting Critical Cyber Systems, including centralized, tamper-resistant logging.",NIST SP 800-82 Rev. 3,"§ Continuous Monitoring / Intrusion Detection (OT-tailored SI-4, AU family)","800-82 discusses ICS-appropriate intrusion detection and log-management approaches that avoid disrupting real-time OT operations.",primary,"NIST SP 800-82 Rev. 3, csrc.nist.gov/pubs/sp/800/82/r3/final"
TSA-3,Continuous Monitoring,"Policies and procedures to detect cybersecurity threats and correct anomalies affecting Critical Cyber Systems, including centralized, tamper-resistant logging.",NIST SP 800-53 Rev. 5,"AU-2, AU-6, SI-2, SI-4","Event Logging, Audit Record Review, and System Monitoring — TSA's own SD-2 Section C/D mapping.",derived,"Open Security Architecture, ""TSA Pipeline SD — Control Mappings,"" opensecurityarchitecture.org (CC BY-SA 4.0), accessed 2026-09-14"
TSA-3,Continuous Monitoring,"Policies and procedures to detect cybersecurity threats and correct anomalies affecting Critical Cyber Systems, including centralized, tamper-resistant logging.",IEC 62443,"62443-3-3 SR 6.1, SR 6.2 (FR6 — Timely Response to Events)","Audit-log accessibility (SR 6.1, ""Audit log accessibility"") and continuous monitoring (SR 6.2, ""Continuous monitoring"") requirements under the Timely Response to Events foundational requirement. ID and function only.",author-mapped,"[ID/title confirmed 2026-09-16 vs. TeepTrak IEC 62443-3-3 requirements guide; outcome-to-SR assignment remains the author's own judgment, pending check against a licensed copy] IEC 62443-3-3:2013 — ISA/IEC (paid standard, not reproduced here)"
TSA-3,Continuous Monitoring,"Policies and procedures to detect cybersecurity threats and correct anomalies affecting Critical Cyber Systems, including centralized, tamper-resistant logging.",CIS Controls v8,"Safeguards 8.2, 8.5, 8.9 (Audit Log Management), 13.1, 13.2 (Network Monitoring & Defense)","Collecting (8.2) and detailed (8.5) audit logs, centralized (8.9); centralized security event alerting (13.1) and host-based intrusion detection (13.2). Paraphrased.",author-mapped,"[IDs/titles confirmed 2026-09-16 direct from cisecurity.org/controls/cis-controls-navigator/v8; outcome-to-safeguard assignment remains the author's own judgment] CIS Controls v8, cisecurity.org (CC BY-NC-ND 4.0) — ID + original paraphrase only"
TSA-3,Continuous Monitoring,"Policies and procedures to detect cybersecurity threats and correct anomalies affecting Critical Cyber Systems, including centralized, tamper-resistant logging.",NIST CSF 2.0,"DE.CM, DE.AE (CPG 2.G, 2.T, 2.U, 3.A)","Continuous Monitoring and Anomalies & Events categories; CPGs covering failed-login detection, centralized log collection, tamper-resistant log storage, and threat/TTP detection.",primary,"NIST CSF v2.0 / CPG / TSA requirements crosswalk, docket TSA-2022-0001-0041 attachment_1.pdf, downloads.regulations.gov, accessed 2026-09-14"
TSA-4,Patch Management,"A risk-based strategy to apply timely security patches and updates to operating systems, applications, drivers, and firmware on Critical Cyber Systems.",NIST SP 800-82 Rev. 3,"§ Patch Management (risk-based patching under OT availability constraints)","800-82 addresses the specific difficulty of patching ICS/OT components without operational disruption and recommends a risk-based, tested patching process.",primary,"NIST SP 800-82 Rev. 3, csrc.nist.gov/pubs/sp/800/82/r3/final"
TSA-4,Patch Management,"A risk-based strategy to apply timely security patches and updates to operating systems, applications, drivers, and firmware on Critical Cyber Systems.",NIST SP 800-53 Rev. 5,"SI-2, RA-5, CM-3, SA-22","Flaw Remediation, Vulnerability Monitoring & Scanning, Configuration Change Control, and Unsupported System Components — TSA's own SD-1/SD-2 Section D-G mapping.",derived,"Open Security Architecture, ""TSA Pipeline SD — Control Mappings,"" opensecurityarchitecture.org (CC BY-SA 4.0), accessed 2026-09-14"
TSA-4,Patch Management,"A risk-based strategy to apply timely security patches and updates to operating systems, applications, drivers, and firmware on Critical Cyber Systems.",IEC 62443,"IEC TR 62443-2-3 (Patch management in the IACS environment); 62443-3-3 SR 7.6 (FR7 — Resource Availability)","IEC TR 62443-2-3 is a dedicated Technical Report (informative, not a full normative standard) on the IACS patch-management process; SR 7.6 (""Network and security configuration settings"") sits under Resource Availability. ID and scope only.",author-mapped,"[Title/scope confirmed 2026-09-16 via IEC/ISA/ANSI standards catalogs and TeepTrak; note corrected to ""TR"" (Technical Report) status; outcome-to-SR assignment remains the author's own judgment] IEC TR 62443-2-3:2015 and IEC 62443-3-3:2013 — ISA/IEC (paid standards, not reproduced here)"
TSA-4,Patch Management,"A risk-based strategy to apply timely security patches and updates to operating systems, applications, drivers, and firmware on Critical Cyber Systems.",CIS Controls v8,"Safeguards 7.1–7.7 (Continuous Vulnerability Management)","Establishing vulnerability-management (7.1) and remediation (7.2) processes, automated OS (7.3) and application (7.4) patching, automated internal (7.5) and external (7.6) vulnerability scanning, and remediating detected vulnerabilities (7.7). Paraphrased.",author-mapped,"[IDs/titles confirmed 2026-09-16 direct from cisecurity.org/controls/cis-controls-navigator/v8; outcome-to-safeguard assignment remains the author's own judgment] CIS Controls v8, cisecurity.org (CC BY-NC-ND 4.0) — ID + original paraphrase only"
TSA-4,Patch Management,"A risk-based strategy to apply timely security patches and updates to operating systems, applications, drivers, and firmware on Critical Cyber Systems.",NIST CSF 2.0,"ID.AM, ID.RA (CPG 1.A, 1.E, 2.Q)","Asset Management and Risk Assessment categories; CPGs covering asset/vulnerability identification, mitigating known-exploited vulnerabilities, and a hardware/software approval process.",primary,"NIST CSF v2.0 / CPG / TSA requirements crosswalk, docket TSA-2022-0001-0041 attachment_1.pdf, downloads.regulations.gov, accessed 2026-09-14"
TSA-5,Governance & Risk Management,"Establish organizational cybersecurity leadership (an accountable executive and a primary/alternate Cybersecurity Coordinator), a documented risk management strategy, and vendor/supply-chain cybersecurity requirements.",NIST SP 800-82 Rev. 3,§ Governance / Program Management (OT-tailored organizational roles and risk strategy),800-82 discusses establishing OT-specific cybersecurity leadership and a risk management program appropriate to control-system operating constraints.,primary,"NIST SP 800-82 Rev. 3, csrc.nist.gov/pubs/sp/800/82/r3/final"
TSA-5,Governance & Risk Management,"Establish organizational cybersecurity leadership (an accountable executive and a primary/alternate Cybersecurity Coordinator), a documented risk management strategy, and vendor/supply-chain cybersecurity requirements.",NIST SP 800-53 Rev. 5,"PM-01, PM-02, PM-09, PM-10, PM-13, PM-15, PL-01, PL-02, AT-01–AT-04","Information Security Program Plan/Leadership, Risk Management Strategy, Authorization Process, Security Workforce, Security Groups, Policy & System Security Plans, and Awareness & Training program — TSA's own SD-1/SD-2 Section 1-2, E, H mapping.",derived,"Open Security Architecture, ""TSA Pipeline SD — Control Mappings,"" opensecurityarchitecture.org (CC BY-SA 4.0), accessed 2026-09-14"
TSA-5,Governance & Risk Management,"Establish organizational cybersecurity leadership (an accountable executive and a primary/alternate Cybersecurity Coordinator), a documented risk management strategy, and vendor/supply-chain cybersecurity requirements.",IEC 62443,IEC 62443-2-1:2024 (Security Program Requirements for IACS Asset Owners),"A dedicated document establishing an organization-wide Cyber Security Management System (CSMS) — governance, roles, risk assessment process, and supply-chain requirements for IACS asset owners. Whole-document fit; ID and scope only.",author-mapped,"[Title confirmed 2026-09-16 via IEC/ISA/BSI standards catalogs; outcome-to-document assignment is the author's own judgment] IEC 62443-2-1:2024 — ISA/IEC (paid standard, not reproduced here)"
TSA-5,Governance & Risk Management,"Establish organizational cybersecurity leadership (an accountable executive and a primary/alternate Cybersecurity Coordinator), a documented risk management strategy, and vendor/supply-chain cybersecurity requirements.",CIS Controls v8,"Safeguards 14.1, 14.9 (Security Awareness and Skills Training) — partial fit","Establishing a security awareness program (14.1) and role-specific training (14.9). CIS Controls v8 predates NIST CSF 2.0's dedicated Govern function and has no direct equivalent to ""accountable executive"" or risk-strategy requirements — this is the closest, but a weaker fit than the other three outcomes' CIS mappings. Paraphrased.",author-mapped,"[IDs/titles confirmed 2026-09-16 direct from cisecurity.org/controls/cis-controls-navigator/v8; fit itself is weak and flagged for author review, not just the ID] CIS Controls v8, cisecurity.org (CC BY-NC-ND 4.0) — ID + original paraphrase only"
TSA-5,Governance & Risk Management,"Establish organizational cybersecurity leadership (an accountable executive and a primary/alternate Cybersecurity Coordinator), a documented risk management strategy, and vendor/supply-chain cybersecurity requirements.",NIST CSF 2.0,"GV.RM, GV.OC, GV.RR, GV.OV, GV.PO, GV.SC (CPG 1.B, 1.C, 1.G, 1.H, 1.I)","Risk Management Strategy, Organizational Context, Roles/Responsibilities, Oversight, Policy, and Cybersecurity Supply Chain Risk Management categories; CPGs covering accountable executive designation, OT-specific leadership, and supply-chain incident/vulnerability requirements.",primary,"NIST CSF v2.0 / CPG / TSA requirements crosswalk, docket TSA-2022-0001-0041 attachment_1.pdf, downloads.regulations.gov, accessed 2026-09-14"
TSA-6,Assessment & Incident Response,"Conduct annual cybersecurity evaluations and periodic (every-2-year) architecture assessments, and maintain a tested Cybersecurity Incident Response Plan with required CISA reporting timelines.",NIST SP 800-82 Rev. 3,§ Incident Response / Assessment (OT-tailored IR planning and periodic architecture review),"800-82 addresses ICS-appropriate incident response planning, exercises, and periodic security-architecture assessment without disrupting safety-critical operations.",primary,"NIST SP 800-82 Rev. 3, csrc.nist.gov/pubs/sp/800/82/r3/final"
TSA-6,Assessment & Incident Response,"Conduct annual cybersecurity evaluations and periodic (every-2-year) architecture assessments, and maintain a tested Cybersecurity Incident Response Plan with required CISA reporting timelines.",NIST SP 800-53 Rev. 5,"CA-02, CA-05, CA-07, CA-08, IR-01, IR-04, IR-06, PL-08","Control Assessments, POA&M, Continuous Monitoring, Penetration Testing, IR Policy/Handling/Reporting, and Security Architecture — TSA's own SD-1 Sec 2-4 / SD-2 Sec C-G mapping.",derived,"Open Security Architecture, ""TSA Pipeline SD — Control Mappings,"" opensecurityarchitecture.org (CC BY-SA 4.0), accessed 2026-09-14"
TSA-6,Assessment & Incident Response,"Conduct annual cybersecurity evaluations and periodic (every-2-year) architecture assessments, and maintain a tested Cybersecurity Incident Response Plan with required CISA reporting timelines.",IEC 62443,IEC 62443-3-2:2020 (Security risk assessment for system design); IEC 62443-2-1:2024 (IR-related CSMS elements),"62443-3-2 is a dedicated document on periodic, zone-based security risk assessment for IACS; the CSMS in 62443-2-1 also specifies incident planning and response elements. ID and scope only.",author-mapped,"[Titles confirmed 2026-09-16 via IEC/ISA/ANSI standards catalogs; outcome-to-document assignment is the author's own judgment] IEC 62443-3-2:2020 and IEC 62443-2-1:2024 — ISA/IEC (paid standards, not reproduced here)"
TSA-6,Assessment & Incident Response,"Conduct annual cybersecurity evaluations and periodic (every-2-year) architecture assessments, and maintain a tested Cybersecurity Incident Response Plan with required CISA reporting timelines.",CIS Controls v8,"Safeguards 17.1–17.9 (Incident Response Management), 18.1–18.5 (Penetration Testing)","Designating IR personnel, an incident reporting/response process, communication mechanisms, routine exercises, and post-incident reviews (17.x); a penetration-testing program with periodic internal/external tests (18.x). Paraphrased.",author-mapped,"[IDs/titles confirmed 2026-09-16 direct from cisecurity.org/controls/cis-controls-navigator/v8; outcome-to-safeguard assignment remains the author's own judgment] CIS Controls v8, cisecurity.org (CC BY-NC-ND 4.0) — ID + original paraphrase only"
TSA-6,Assessment & Incident Response,"Conduct annual cybersecurity evaluations and periodic (every-2-year) architecture assessments, and maintain a tested Cybersecurity Incident Response Plan with required CISA reporting timelines.",NIST CSF 2.0,"ID.IM, RS.MA, RS.AN, RS.CO, RC.RP, RC.CO (CPG 2.S, 4.A, 4.B, 5.A)","Improvement, Incident Management, Analysis, Incident Response Communication, Incident Recovery, and Recovery Communication categories; CPGs covering IR plan maintenance/exercises, CISA incident/vulnerability reporting, and recovery planning.",primary,"NIST CSF v2.0 / CPG / TSA requirements crosswalk, docket TSA-2022-0001-0041 attachment_1.pdf, downloads.regulations.gov, accessed 2026-09-14"
